{
    "counter": {
        "ACTIVE": 18845,
        "INACTIVE": 2155,
        "INVALID": 0,
        "MALICIOUS": 0,
        "SANE": 0,
        "VALID": 0,
        "total": 21000
    },
    "percentage": {
        "ACTIVE": 89.73809523809524,
        "INACTIVE": 10.26728286245176,
        "INVALID": 0,
        "MALICIOUS": 0,
        "SANE": 0,
        "VALID": 0,
        "total": 100.005378100547
    }
}