{
    "counter": {
        "ACTIVE": 17590,
        "INACTIVE": 3409,
        "INVALID": 1,
        "MALICIOUS": 0,
        "SANE": 0,
        "VALID": 0,
        "total": 21000
    },
    "percentage": {
        "ACTIVE": 83.76190476190476,
        "INACTIVE": 16.261209692806716,
        "INVALID": 0.006847907964116962,
        "MALICIOUS": 0,
        "SANE": 0,
        "VALID": 0,
        "total": 100.02996236267559
    }
}