{
    "counter": {
        "ACTIVE": 19080,
        "INACTIVE": 1920,
        "INVALID": 0,
        "MALICIOUS": 0,
        "SANE": 0,
        "VALID": 0,
        "total": 21000
    },
    "percentage": {
        "ACTIVE": 90.85714285714286,
        "INACTIVE": 9.173873572554829,
        "INVALID": 0,
        "MALICIOUS": 0,
        "SANE": 0,
        "VALID": 0,
        "total": 100.03101642969769
    }
}