{
    "counter": {
        "ACTIVE": 18925,
        "INACTIVE": 2075,
        "INVALID": 0,
        "MALICIOUS": 0,
        "SANE": 0,
        "VALID": 0,
        "total": 21000
    },
    "percentage": {
        "ACTIVE": 90.11904761904762,
        "INACTIVE": 9.883305548940223,
        "INVALID": 0,
        "MALICIOUS": 0,
        "SANE": 0,
        "VALID": 0,
        "total": 100.00235316798785
    }
}