{
    "counter": {
        "ACTIVE": 19282,
        "INACTIVE": 1718,
        "INVALID": 0,
        "MALICIOUS": 0,
        "SANE": 0,
        "VALID": 0,
        "total": 21000
    },
    "percentage": {
        "ACTIVE": 91.81904761904762,
        "INACTIVE": 8.196955961639391,
        "INVALID": 0,
        "MALICIOUS": 0,
        "SANE": 0,
        "VALID": 0,
        "total": 100.01600358068701
    }
}