{
    "counter": {
        "ACTIVE": 16439,
        "INACTIVE": 4559,
        "INVALID": 2,
        "MALICIOUS": 0,
        "SANE": 0,
        "VALID": 0,
        "total": 21000
    },
    "percentage": {
        "ACTIVE": 78.28095238095239,
        "INACTIVE": 21.712625613182837,
        "INVALID": 0.009858044164037854,
        "MALICIOUS": 0,
        "SANE": 0,
        "VALID": 0,
        "total": 100.00343603829926
    }
}