{
    "counter": {
        "ACTIVE": 18690,
        "INACTIVE": 2310,
        "INVALID": 0,
        "MALICIOUS": 0,
        "SANE": 0,
        "VALID": 0,
        "total": 21000
    },
    "percentage": {
        "ACTIVE": 89.0,
        "INACTIVE": 11.005764924484254,
        "INVALID": 0,
        "MALICIOUS": 0,
        "SANE": 0,
        "VALID": 0,
        "total": 100.00576492448425
    }
}