{
    "counter": {
        "ACTIVE": 18596,
        "INACTIVE": 2404,
        "INVALID": 0,
        "MALICIOUS": 0,
        "SANE": 0,
        "VALID": 0,
        "total": 21000
    },
    "percentage": {
        "ACTIVE": 88.55659793323491,
        "INACTIVE": 11.447619047619048,
        "INVALID": 0,
        "MALICIOUS": 0,
        "SANE": 0,
        "VALID": 0,
        "total": 100.00421698085395
    }
}