{
    "counter": {
        "ACTIVE": 16584,
        "INACTIVE": 4416,
        "INVALID": 0,
        "MALICIOUS": 0,
        "SANE": 0,
        "VALID": 0,
        "total": 21000
    },
    "percentage": {
        "ACTIVE": 78.97142857142858,
        "INACTIVE": 21.02857142857143,
        "INVALID": 0.0,
        "MALICIOUS": 0.0,
        "SANE": 0.0,
        "VALID": 0.0,
        "total": 100.0
    }
}