{
    "counter": {
        "ACTIVE": 18922,
        "INACTIVE": 2078,
        "INVALID": 0,
        "MALICIOUS": 0,
        "SANE": 0,
        "VALID": 0,
        "total": 21000
    },
    "percentage": {
        "ACTIVE": 90.1047619047619,
        "INACTIVE": 9.970252375011995,
        "INVALID": 0,
        "MALICIOUS": 0,
        "SANE": 0,
        "VALID": 0,
        "total": 100.0750142797739
    }
}