{
    "counter": {
        "ACTIVE": 15734,
        "INACTIVE": 5266,
        "INVALID": 0,
        "MALICIOUS": 0,
        "SANE": 0,
        "VALID": 0,
        "total": 21000
    },
    "percentage": {
        "ACTIVE": 74.92380952380952,
        "INACTIVE": 25.076190476190476,
        "INVALID": 0.0,
        "MALICIOUS": 0.0,
        "SANE": 0.0,
        "VALID": 0.0,
        "total": 100.0
    }
}